Dataset,Category,"AUROC (overall, OOF)",Accuracy,Precision,Recall (Sens.),F1,AUROC (fold mean),AUROC (fold std),N images,Threshold*,AUPRC,Specificity,MCC,TP,FP,TN,FN,95% CI low,95% CI high
MVTec AD,bottle,100.0,1.0,1.0,1.0,1.0,100.0,0.0,292.0,0.241,1.0,1.0,1.0,63.0,0.0,229.0,0.0,100.0,100.0
MVTec AD,cable,97.48,0.952,0.894,0.913,0.903,97.41,1.41,374.0,0.307,0.959,0.965,0.871,84.0,10.0,272.0,8.0,95.3,99.14
MVTec AD,capsule,99.18,0.963,0.914,0.972,0.942,99.09,0.96,351.0,0.304,0.979,0.959,0.916,106.0,10.0,232.0,3.0,98.47,99.74
MVTec AD,carpet,99.96,0.992,0.978,0.989,0.983,99.96,0.05,397.0,0.235,0.999,0.994,0.978,88.0,2.0,306.0,1.0,99.87,100.0
MVTec AD,grid,100.0,1.0,1.0,1.0,1.0,100.0,0.0,342.0,0.412,1.0,1.0,1.0,57.0,0.0,285.0,0.0,100.0,100.0
MVTec AD,hazelnut,99.83,0.984,0.908,0.986,0.945,99.78,0.39,501.0,0.097,0.993,0.984,0.937,69.0,7.0,424.0,1.0,99.47,100.0
MVTec AD,leather,100.0,1.0,1.0,1.0,1.0,100.0,0.0,369.0,0.892,1.0,1.0,1.0,92.0,0.0,277.0,0.0,100.0,100.0
MVTec AD,metal_nut,99.8,0.988,0.968,0.989,0.979,99.8,0.35,335.0,0.244,0.996,0.988,0.971,92.0,3.0,239.0,1.0,99.42,100.0
MVTec AD,pill,97.6,0.949,0.934,0.908,0.921,97.58,0.79,434.0,0.438,0.969,0.969,0.884,128.0,9.0,284.0,13.0,95.8,99.0
MVTec AD,screw,99.14,0.952,0.864,0.958,0.908,99.08,0.72,480.0,0.281,0.976,0.95,0.878,114.0,18.0,343.0,5.0,98.45,99.68
MVTec AD,tile,99.96,0.988,0.955,1.0,0.977,100.0,0.0,347.0,0.036,0.999,0.985,0.97,84.0,4.0,259.0,0.0,99.88,100.0
MVTec AD,toothbrush,98.52,0.951,0.903,0.933,0.918,99.29,0.95,102.0,0.266,0.97,0.958,0.883,28.0,3.0,69.0,2.0,96.48,99.83
MVTec AD,transistor,98.69,0.923,0.629,0.975,0.765,98.91,1.45,313.0,0.087,0.949,0.916,0.746,39.0,23.0,250.0,1.0,97.25,99.76
MVTec AD,wood,100.0,1.0,1.0,1.0,1.0,100.0,0.0,326.0,0.156,1.0,1.0,1.0,60.0,0.0,266.0,0.0,100.0,100.0
MVTec AD,zipper,99.98,0.992,0.975,1.0,0.988,100.0,0.0,391.0,0.192,1.0,0.989,0.982,119.0,3.0,269.0,0.0,99.93,100.0
MVTec AD,Mean (all categories),99.34266666666667,0.9756,0.9281333333333334,0.9748666666666667,0.9486,99.39333333333336,0.4713333333333333,356.93333333333334,0.27920000000000006,0.9859333333333333,0.9771333333333333,0.9344,81.53333333333333,6.133333333333334,266.93333333333334,2.3333333333333335,98.688,99.80999999999999
MVTec LOCO AD,breakfast_box,96.17,0.885,0.735,0.913,0.814,96.28,1.89,626.0,0.255,0.923,0.874,0.742,158.0,57.0,396.0,15.0,94.62,97.51
MVTec LOCO AD,juice_bottle,93.49,0.868,0.789,0.856,0.821,93.6,1.17,665.0,0.37,0.915,0.874,0.718,202.0,54.0,375.0,34.0,91.46,95.33
MVTec LOCO AD,pushpins,97.33,0.913,0.77,0.936,0.845,97.26,0.43,682.0,0.329,0.93,0.906,0.793,161.0,48.0,462.0,11.0,96.26,98.23
MVTec LOCO AD,screw_bag,80.96,0.767,0.609,0.717,0.658,80.85,2.36,701.0,0.353,0.716,0.79,0.488,157.0,101.0,381.0,62.0,77.13,84.63
MVTec LOCO AD,splicing_connectors,79.95,0.801,0.677,0.585,0.628,79.63,3.47,672.0,0.565,0.713,0.887,0.495,113.0,54.0,425.0,80.0,75.83,83.61
MVTec LOCO AD,Mean (all categories),89.58,0.8468,0.716,0.8013999999999999,0.7531999999999999,89.524,1.864,669.2,0.37439999999999996,0.8394,0.8661999999999999,0.6472,158.2,62.8,407.8,40.4,87.05999999999999,91.862
MPDD (Metal Parts Defect Detection),bracket_black,99.75,0.984,0.887,1.0,0.94,99.8,0.2,368.0,0.325,0.983,0.981,0.933,47.0,6.0,315.0,0.0,99.39,99.96
MPDD (Metal Parts Defect Detection),bracket_brown,99.87,0.973,0.879,1.0,0.936,99.82,0.16,262.0,0.165,0.995,0.967,0.922,51.0,7.0,204.0,0.0,99.64,100.0
MPDD (Metal Parts Defect Detection),bracket_white,98.31,0.988,1.0,0.933,0.966,98.45,1.98,170.0,0.546,0.965,1.0,0.959,28.0,0.0,140.0,2.0,95.52,100.0
MPDD (Metal Parts Defect Detection),connector,99.77,0.977,0.778,1.0,0.875,100.0,0.0,172.0,0.054,0.979,0.975,0.871,14.0,4.0,154.0,0.0,99.13,100.0
MPDD (Metal Parts Defect Detection),metal_plate,100.0,1.0,1.0,1.0,1.0,100.0,0.0,151.0,0.839,1.0,1.0,1.0,71.0,0.0,80.0,0.0,100.0,100.0
MPDD (Metal Parts Defect Detection),tubes,99.76,0.996,1.0,0.986,0.993,99.68,0.65,223.0,0.476,0.996,1.0,0.99,68.0,0.0,154.0,1.0,99.14,100.0
MPDD (Metal Parts Defect Detection),Mean (all categories),99.57666666666667,0.9863333333333332,0.924,0.9864999999999999,0.9516666666666667,99.625,0.4983333333333333,224.33333333333334,0.4008333333333334,0.9863333333333335,0.9871666666666666,0.9458333333333334,46.5,2.8333333333333335,174.5,0.5,98.80333333333334,99.99333333333334
BTAD (BeanTech Anomaly Detection),01,98.61,0.985,0.92,0.939,0.929,98.83,1.65,470.0,0.215,0.964,0.99,0.921,46.0,4.0,417.0,3.0,96.17,99.93
BTAD (BeanTech Anomaly Detection),02,93.1,0.895,0.853,0.81,0.831,93.38,2.16,629.0,0.493,0.902,0.935,0.755,162.0,28.0,401.0,38.0,90.48,95.21
BTAD (BeanTech Anomaly Detection),03,100.0,1.0,1.0,1.0,1.0,100.0,0.0,1441.0,0.868,1.0,1.0,1.0,41.0,0.0,1400.0,0.0,100.0,100.0
BTAD (BeanTech Anomaly Detection),Mean (all categories),97.23666666666666,0.96,0.9243333333333333,0.9163333333333333,0.9199999999999999,97.40333333333332,1.27,846.6666666666666,0.5253333333333333,0.9553333333333334,0.975,0.892,83.0,10.666666666666666,739.3333333333334,13.666666666666666,95.55,98.38
